"EVENTO","AREA/ZONA","CENTRO DE COSTO","ITEM","DESCRIPCION","NOTAS/OBSERVACIONES","IN-KIND?","AURORA 360?","QTY","UoM","CONTRATACION POR DIAS?","QTY DIAS","PRECIO UNITARIO","SUBTOTAL","VIA PRODUCTORA (AURORA 360)?","FEE INCL. EN COTIZACION?","FEE 20%","SUBTOTAL CON FEE","IVA","TOTAL","COTIZACION","IMAGEN DE REFERENCIA","PROVEEDOR","VALIDAR COSTO?","CONTRATAR APARTE?","COTIZACION LINK","EXENTO IVA?"
"MAIN EVENT","INGRESO ESEN Y PARQUEO","STAFF","GESTORES VMT","GESTORES DE TRAFICO DE APOYO PARA EVITAR CONGESTION EN INGRESO ESEN","SE DEBE CONTEMPLAR COSTO DEL SERVICIO CIVIL Y ALIMENTOS PARA VTM. PUEDE QUE SEA IN-KIND Y SOLO CORRERIAMOS CON ALIMENTOS.","SI","NO","7","PERSONA","SI","2","0","0","NO","NO","0","0","0","0","NA","","","NO","NO","","NO"
"MAIN EVENT","INGRESO ESEN Y PARQUEO","STAFF","BOUNCER EN PLUMA (3 HORAS DE SERVICIO)","","CONTRATADO VIA AURORA360.","NO","SI","2","PERSONA","SI","2","111.11","444.44","SI","NO","88.888","533.328","69.33264","602.66064","PENDING","","","SI","SI","","NO"
"MAIN EVENT","INGRESO ESEN Y PARQUEO","VOLUNTARIOS","LEAD VOLUNTARIO EN PLUMA","","","SI","NO","1","PERSONA","SI","2","0","0","NO","NO","0","0","0","0","VOLUNTARIO","","C2 LABS","NO","NO","","NO"
"MAIN EVENT","INGRESO ESEN Y PARQUEO","VOLUNTARIOS","VOLUNTARIOS UBICANDO PARQUEOS","","","SI","NO","8","PERSONA","SI","2","0","0","NO","NO","0","0","0","0","VOLUNTARIO","","C2 LABS","NO","NO","","NO"
"MAIN EVENT","INGRESO ESEN Y PARQUEO","SEÑALETICA","ESTRUCTURA Y BANDEROLAS PUBLICITARIAS","PARA EXTERIOR, COMO GUIA EN LA CALLE PRINCIPAL FRENTE A LA ENTRADA DE LA ESEN","SE DEBERAN CONTRATAR POR APARTE PARA OBVIAR AGENCY FEE.","NO","SI","4","PERSONA","NO","1","65","260","SI","SI","0","260","33.800000000000004","293.8","PENDING","","","SI","SI","","NO"
"MAIN EVENT","RIDE SHARE/DROP-OFF ZONE","PRODUCCIÓN Y MONTAJE","MUPPIES DIGITALES (DIMENSIONES TBD)","","","NO","SI","2","UNIDAD","NO","1","420","840","SI","SI","0","840","109.2","949.2","PENDING","","","SI","SI","","NO"
"MAIN EVENT","RIDE SHARE/DROP-OFF ZONE","VOLUNTARIOS","GREETERS","","","SI","NO","2","PERSONA","SI","2","0","0","NO","NO","0","0","0","0","VOLUNTARIO","","C2 LABS","NO","NO","","NO"
"MAIN EVENT","INGRESO 1 via DROP OFF ZONE","VOLUNTARIOS","FOOT TRAFFIC MANAGERS","","","SI","NO","2","PERSONA","SI","2","0","0","NO","NO","0","0","0","0","VOLUNTARIO","","C2 LABS","NO","NO","","NO"
"MAIN EVENT","INGRESO 1 via DROP OFF ZONE","SEÑALETICA","HANDHELD PADEL SIGNS","","SE DEBERAN CONTRATAR CON UNA IMPRENTA DIRECTAMENTE PARA OBVIAR AGENCY FEE.","NO","SI","2","UNIDAD","NO","1","1.45","2.9","SI","NO","0.58","3.48","0.4524","3.9324","PENDING","","","NO","NO","","NO"
"MAIN EVENT","INGRESO 1 via DROP OFF ZONE","VOLUNTARIOS","QUEUE MANAGERS","","","SI","NO","2","PERSONA","SI","2","0","0","NO","NO","0","0","0","0","VOLUNTARIO","","C2 LABS","NO","NO","","NO"
"MAIN EVENT","INGRESO 1 via DROP OFF ZONE","MOBILIARIO","UNIFILAS PARA QUEUE","","CONTRATADO VIA AURORA360.","NO","SI","6","UNIDAD","SI","2","8","96","SI","SI","0","96","12.48","108.48","A2 - AURORA 360","","AURORA 360","NO","NO","https://drive.google.com/file/d/1lnFJ0911-iRZCkgv6HoYI6zSvt016T90/view","NO"
"MAIN EVENT","INGRESO 1 via DROP OFF ZONE","MOBILIARIO","MESA METALICA + 2 SILLAS DEL LOBBY  DE ESEN PARA TAQUILLA CON MANTEL","","MOBILIARIO EN LOBBY DE LA ESEN A REUBICAR","SI","NO","1","JUEGO","SI","2","0","0","NO","NO","0","0","0","0","PROVEE ESEN","","ESEN","NO","NO","","NO"
"MAIN EVENT","INGRESO 1 via DROP OFF ZONE","MANTELERIA","MANTEL PARA MESA METALICA PARA TAQUILLA","","MANTELERIA SE MANDARA HACER PARA OBVIAR COSTOS ALTOS DE ALQUILER DE MANTELES.","NO","SI","1","UNIDAD","SI","2","3","6","SI","NO","1.2000000000000002","7.2","0.936","8.136000000000001","A4","","ALQUILERES EXPRESS","NO","NO","https://drive.google.com/file/d/1naOQex6vwh7_3M5kqpQdA6KqNa_5QJeJ/view","NO"
"MAIN EVENT","INGRESO 1 via DROP OFF ZONE","SEÑALETICA","ROTULO PARA MESA PARA TAQUILLA (60 × 20 cm)","","SE DEBERAN CONTRATAR CON UNA IMPRENTA DIRECTAMENTE PARA OBVIAR AGENCY FEE.","NO","NO","1","UNIDAD","NO","1","2","2","NO","NO","0","2","0.26","2.26","PENDING","","","NO","NO","","NO"
"MAIN EVENT","INGRESO 1 via DROP OFF ZONE","FUN CAPITAL STAFF","SCANNING STAFF","","","NO","NO","2","PERSONA","SI","2","30","120","NO","NO","0","120","15.600000000000001","135.6","PROPUESTA DE VALOR FUN CAPITAL CAMILA.pdf","","FUN CAPITAL","NO","NO","https://drive.google.com/file/d/1qEZF5SMpdzAlxZ6Ounf4x2wmZWhtWROd/view?usp=sharing","NO"
"MAIN EVENT","INGRESO 1 via DROP OFF ZONE","FUN CAPITAL STAFF","TAQUILLA STAFF","PERSONAL DE FUN CAPITAL PARA VENTA IN-SITU (DAY 1 ONLY).","PUEDE NO REQUERIRSE. SE EVALUARA EN CONJUNTO CON MITTR.","NO","NO","1","PERSONA","SI","2","30","60","NO","NO","0","60","7.800000000000001","67.8","PROPUESTA DE VALOR FUN CAPITAL CAMILA.pdf","","FUN CAPITAL","NO","NO","https://drive.google.com/file/d/1qEZF5SMpdzAlxZ6Ounf4x2wmZWhtWROd/view?usp=sharing","NO"
"MAIN EVENT","INGRESO 2 ""PRINCIPAL"" via GRADAS (DE PARQUEO O GRADAS PAREDON EXTERNO)","VOLUNTARIOS","FOOT TRAFFIC MANAGERS","","","SI","NO","4","PERSONA","SI","2","0","0","NO","NO","0","0","0","0","VOLUNTARIO","","C2 LABS","NO","NO","","NO"
"MAIN EVENT","INGRESO 2 ""PRINCIPAL"" via GRADAS (DE PARQUEO O GRADAS PAREDON EXTERNO)","VOLUNTARIOS","QUEUE MANAGERS EXTERIORES","","","SI","NO","2","PERSONA","SI","2","0","0","NO","NO","0","0","0","0","VOLUNTARIO","","C2 LABS","NO","NO","","NO"
"MAIN EVENT","INGRESO 2 ""PRINCIPAL"" via GRADAS (DE PARQUEO O GRADAS PAREDON EXTERNO)","MOBILIARIO","UNIFILAS PARA RESTRINGIR PASO A AREAS","","","NO","SI","4","UNIDAD","SI","2","8","64","SI","SI","0","64","8.32","72.32","A2 - AURORA 360","","AURORA 360","NO","NO","https://drive.google.com/file/d/1lnFJ0911-iRZCkgv6HoYI6zSvt016T90/view","NO"
"MAIN EVENT","INGRESO 2 ""PRINCIPAL"" via GRADAS (DE PARQUEO O GRADAS PAREDON EXTERNO)","MOBILIARIO","UNIFILAS PARA QUEUE EXTERIOR","","","NO","SI","4","UNIDAD","SI","2","8","64","SI","SI","0","64","8.32","72.32","A2 - AURORA 360","","AURORA 360","NO","NO","https://drive.google.com/file/d/1lnFJ0911-iRZCkgv6HoYI6zSvt016T90/view","NO"
"MAIN EVENT","INGRESO 2 ""PRINCIPAL"" via GRADAS (DE PARQUEO O GRADAS PAREDON EXTERNO)","FUN CAPITAL STAFF","SCANNING STAFF","","","NO","NO","4","PERSONA","SI","2","30","240","NO","NO","0","240","31.200000000000003","271.2","PROPUESTA DE VALOR FUN CAPITAL CAMILA.pdf","","FUN CAPITAL","NO","NO","https://drive.google.com/file/d/1qEZF5SMpdzAlxZ6Ounf4x2wmZWhtWROd/view?usp=sharing","NO"
"MAIN EVENT","INGRESO 2 ""PRINCIPAL"" via GRADAS (DE PARQUEO O GRADAS PAREDON EXTERNO)","FUN CAPITAL STAFF","PULSERAS","PULSERAS PARA IDENTIFICAR TIPO DE TICKET/ACCESOS. SE ADQUIRIRAN VIA FUN CAPITAL COMO UNO DE SUS SERVICIOS.","","NO","NO","500","UNIDAD","NO","1","0.3","150","NO","NO","0","150","19.5","169.5","PROPUESTA DE VALOR FUN CAPITAL CAMILA.pdf","","FUN CAPITAL","NO","NO","https://drive.google.com/file/d/1qEZF5SMpdzAlxZ6Ounf4x2wmZWhtWROd/view?usp=sharing","NO"
"MAIN EVENT","AREA DE REGISTRO @ LOBBY","MOBILIARIO","UNIFILAS PARA QUEUE/REGISTRO INTERIOR","","","NO","SI","12","UNIDAD","SI","2","8","192","SI","SI","0","192","24.96","216.96","A2 - AURORA 360","","AURORA 360","NO","NO","https://drive.google.com/file/d/1lnFJ0911-iRZCkgv6HoYI6zSvt016T90/view","NO"
"MAIN EVENT","AREA DE REGISTRO @ LOBBY","MOBILIARIO","ADAPTADOR DE LETRERO PARA UNIFILAS PARA QUEUE/REGISTRO INTERIOR","","","NO","SI","6","UNIDAD","SI","2","50","600","SI","SI","0","600","78","678","A2 - AURORA 360","","AURORA 360","SI","SI","https://drive.google.com/file/d/1lnFJ0911-iRZCkgv6HoYI6zSvt016T90/view","NO"
"MAIN EVENT","AREA DE REGISTRO @ LOBBY","MOBILIARIO","SILLAS PARA REGISTRO ESEN (PLASTICAS NEGRAS)","","","SI","NO","10","UNIDAD","SI","2","0","0","NO","NO","0","0","0","0","PROVEE ESEN","","ESEN","NO","NO","","NO"
"MAIN EVENT","AREA DE REGISTRO @ LOBBY","MOBILIARIO","MESA ESEN PARA REGISTRO","SE UTILIZARAN LAS MESAS DE ESEN (TIPO ESCRITORIO0","","SI","NO","4","UNIDAD","SI","2","0","0","NO","NO","0","0","0","0","PROVEE ESEN","","ESEN","NO","NO","","NO"
"MAIN EVENT","AREA DE REGISTRO @ LOBBY","MOBILIARIO","MESA ESEN (1.80 X 0.85 M) PARA REGISTRO ESPECIAL (VIPs/Press/Restricciones Alimentarias)","SE UTILIZARAN LAS MESAS DE ESEN (TIPO ESCRITORIO0","","SI","NO","1","UNIDAD","SI","2","0","0","NO","NO","0","0","0","0","PROVEE ESEN","","ESEN","NO","NO","","NO"
"MAIN EVENT","AREA DE REGISTRO @ LOBBY","MOBILIARIO","MESA ESEN (1.80 X 0.85 M) PARA IMPRESION DE BADGES","SE UTILIZARAN LAS MESAS DE ESEN (TIPO ESCRITORIO0","","SI","NO","1","UNIDAD","SI","2","0","0","NO","NO","0","0","0","0","PROVEE ESEN","","ESEN","NO","NO","","NO"
"MAIN EVENT","AREA DE REGISTRO @ LOBBY","ELECTRONICOS","COMPUTADORAS LAPTOP PARA VOLUNTARIOS DE REGISTRO (BYOD POLICY)","","BRING YOUR OWN DEVICE POLICY","SI","NO","12","UNIDAD","SI","2","0","0","NO","NO","0","0","0","0","VOLUNTARIO","","","NO","NO","","NO"
"MAIN EVENT","AREA DE REGISTRO @ LOBBY","VOLUNTARIOS","QUEUE MANAGERS DE REGISTRO","","","SI","NO","4","PERSONA","SI","2","0","0","NO","NO","0","0","0","0","VOLUNTARIO","","C2 LABS","NO","NO","","NO"
"MAIN EVENT","AREA DE REGISTRO @ LOBBY","VOLUNTARIOS","SOPORTE DE REGISTRO Y CHECK IN/ENTREGA DE ATTENDEE GOODIE BAG","","","SI","NO","12","PERSONA","SI","2","0","0","NO","NO","0","0","0","0","VOLUNTARIO","","C2 LABS","NO","NO","","NO"
"MAIN EVENT","AREA DE REGISTRO @ LOBBY","AMENITIES","LIBRETA Y LAPICERO PROMOCIONAL MAS IMPRESION [ATTENDEE GOODIE BAG]","","","NO","NO","500","UNIDAD","NO","1","2.32","1160","NO","NO","0","1160","150.8","1310.8","","","","NO","NO","","NO"
"MAIN EVENT","AREA DE REGISTRO @ LOBBY","AMENITIES","BOLSA TRIFOLD NEGRA PROMOCIONAL MAS IMPRESION  [ATTENDEE GOODIE BAG]","","","NO","NO","500","UNIDAD","NO","1","1.87","935","NO","NO","0","935","121.55","1056.55","","","","NO","NO","","NO"
"MAIN EVENT","AREA DE REGISTRO @ LOBBY","BADGES & LANDYARD","BADGES Y LANDYARDS PARA SPEAKERS (24), ORGANIZADORES/ORGANIZING STAFF (10), VOLUNTARIOS (30), ATTENDEES (485)","","","NO","NO","550","UNIDAD","NO","1","3.39","1864.5","NO","NO","0","1864.5","242.38500000000002","2106.885","THE RACK [IMPRESION DE PROMOCIONALES)","","THE RACK + PUBLIEXPORT","NO","NO","https://drive.google.com/file/d/1l6btI2t4UHtCc0mFDlSRr6O0SUeeXZvg/view?usp=sharing","NO"
"MAIN EVENT","AREA DE REGISTRO @ LOBBY","IMPRESOS","TICKETS REDENCION LUNCH EN PAPEL FOLCOTE 5X5CMS","TICKETS A UTILIZAR PARA EFECTOS DE LOGISTICA DE ENTREGA DE LUNCHBOXES.","COTIZAR CON IMPRENTA","NO","SI","1000","UNIDAD","NO","1","0.06","60","SI","NO","12","72","9.36","81.36","A3","","TINTA Y SOPORTE DIGITAL","NO","NO","https://drive.google.com/file/d/1mw_3fyW1rHC0RUgnUPPnvzgi98OOeFOY/view","NO"
"MAIN EVENT","LOBBY","PRODUCCIÓN Y MONTAJE","TOTEM DIGITAL PARA AGENDA Y LOOPS","","escribir a flor o proveedor q corrija coti para que nos den esto de cortesia como plantea el proovedor","NO","SI","1","UNIDAD","NO","1","233.49","233.49","SI","SI","0","233.49","30.353700000000003","263.8437","A1","","SMART MEDIA","SI","SI","https://drive.google.com/file/d/1IfkHgp31LiPIpc_ICz59wYRA9ak0N2j0/view","NO"
"MAIN EVENT","LOBBY","PRODUCCIÓN Y MONTAJE","BACKING PARA FOTOGRAFIAS EN LOBBY CON PERFILERIA Y LONA TENSADA MATE FULL COLOR 4X3 METROS","","esto vario en 3er scouting","NO","SI","1","UNIDAD","NO","1","400","400","SI","SI","0","400","52","452","A2 - AURORA 360","","AURORA 360","SI","SI","https://drive.google.com/file/d/1lnFJ0911-iRZCkgv6HoYI6zSvt016T90/view","NO"
"MAIN EVENT","LOBBY","BOOTHS/STANDS","C2 LABS","","","NO","SI","1","UNIDAD","NO","1","600","600","SI","SI","0","600","78","678","A2 - AURORA 360","","AURORA 360","SI","SI","https://drive.google.com/file/d/1lnFJ0911-iRZCkgv6HoYI6zSvt016T90/view","NO"
"MAIN EVENT","LOBBY","BOOTHS/STANDS","OPINNO","","","NO","SI","1","SERVICIO","NO","1","600","600","SI","SI","0","600","78","678","A2 - AURORA 360","","AURORA 360","SI","SI","https://drive.google.com/file/d/1lnFJ0911-iRZCkgv6HoYI6zSvt016T90/view","NO"
"MAIN EVENT","LOBBY","ELECTRICO","ACCESOS A TOMA 220 EN BOOTHS Y 1 TOMA 110 PARA AREA DE REGISTRO","","","NO","SI","1","SERVICIO","NO","1","333.33","333.33","SI","NO","66.666","399.996","51.99948","451.99548","","","","NO","NO","","NO"
"MAIN EVENT","LOBBY","INTERNET","RED DE INTERNET PARA FALLBACK DE ASISTENTES (ESEN 500 MB)","","","SI","NO","1","UNIDAD","NO","1","0","0","NO","NO","0","0","0","0","","","","NO","NO","","NO"
"MAIN EVENT","BACKSTAGE","MOBILIARIO","MESA ESEN (1.80 X 0.85 CM) PARA BACKSTAGE","SE UTILIZARAN LAS MESAS DE ESEN (TIPO ESCRITORIO0","","SI","NO","3","UNIDAD","SI","2","0","0","NO","NO","0","0","0","0","PROVEE ESEN","","ESEN","NO","NO","","NO"
"MAIN EVENT","BACKSTAGE","MANTELERIA","MANTEL PARA MESA (6 ft) PARA BACKSTAGE","","MANTELERIA SE MANDARA HACER PARA OBVIAR COSTOS ALTOS DE ALQUILER DE MANTELES.","NO","SI","3","UNIDAD","SI","2","3","18","SI","NO","3.6","21.6","2.8080000000000003","24.408","A4","","ALQUILERES EXPRESS","NO","NO","https://drive.google.com/file/d/1naOQex6vwh7_3M5kqpQdA6KqNa_5QJeJ/view","NO"
"MAIN EVENT","BACKSTAGE","MOBILIARIO","SILLAS PARA TECNICOS ESEN (PLASTICA NEGRA)","SILLAS PLASTICAS NEGRAS ESEN.","","SI","NO","4","UNIDAD","SI","2","0","0","NO","NO","0","0","0","0","PROVEE ESEN","","ESEN","NO","NO","","NO"
"MAIN EVENT","BACKSTAGE","PRODUCCIÓN Y MONTAJE","DIVISION DE PERFILERIA CON PVC BLANCO CON PUERTA 5 X 2.40 M PARA BACKSTAGE CON LONA FULL COLOR","","","NO","SI","1","UNIDAD","NO","1","200","200","SI","SI","0","200","26","226","A2 - AURORA 360","","AURORA 360","NO","NO","https://drive.google.com/file/d/1lnFJ0911-iRZCkgv6HoYI6zSvt016T90/view","NO"
"MAIN EVENT","BACKSTAGE","VOLUNTARIOS","SPEAKER MANAGERS","","","SI","NO","2","PERSONA","SI","2","0","0","NO","NO","0","0","0","0","VOLUNTARIO","","C2 LABS","NO","NO","","NO"
"MAIN EVENT","AUDITORIO/MAIN STAGE","PRODUCCIÓN Y MONTAJE","ESCENOGRAFIA - TARIMA 14.64 X 3.66 X 0.30 CON CHAROL NEGRO Y GRADAS LATERAL DERECHO (POV HACIA PUBLICO)","","","NO","SI","1","UNIDAD","SI","2","870","1740","SI","NO","348","2088","271.44","2359.44","A6 ON TIME SOLUTIONS CAMILA CRUZ.pdf","","ON TIME SOLUTIONS","NO","NO","https://drive.google.com/file/d/1Wx49rd5OpxtK-tTj72mIuFJnPGoBG8Qj/view?usp=sharing","NO"
"MAIN EVENT","AUDITORIO/MAIN STAGE","PRODUCCIÓN Y MONTAJE","ESCENOGRAFIA - LUZ LED PARA ORILLA DE TARIMA","","","NO","SI","1","UNIDAD","NO","1","300","300","SI","NO","60","360","46.800000000000004","406.8","A6 ON TIME SOLUTIONS CAMILA CRUZ.pdf","","ON TIME SOLUTIONS","NO","NO","https://drive.google.com/file/d/1Wx49rd5OpxtK-tTj72mIuFJnPGoBG8Qj/view?usp=sharing","NO"
"MAIN EVENT","AUDITORIO/MAIN STAGE","ILUMINACIÓN","ESCENOGRAFIA - BARRAS DE LUZ PARA BAÑAR FONDO/PARED PRINCIPAL AUDITORIO","","","NO","SI","8","UNIDAD","SI","2","30","480","SI","NO","96","576","74.88","650.88","A6 ON TIME SOLUTIONS CAMILA CRUZ.pdf","","ON TIME SOLUTIONS","NO","NO","https://drive.google.com/file/d/1Wx49rd5OpxtK-tTj72mIuFJnPGoBG8Qj/view?usp=sharing","NO"
"MAIN EVENT","AUDITORIO/MAIN STAGE","PRODUCCIÓN Y MONTAJE","ESCENOGRAFIA - LOGO EMTECH DIGITAL LATAM PARA ESCENARIO SIN ILUMINACIÓN","","","NO","SI","1","UNIDAD","NO","1","750","750","SI","NO","150","900","117","1017","A9","","AVANCE PUBLICITARIO / ALTERNATIVA DIGITAL","SI","SI","https://drive.google.com/file/d/1zOOgrJxnEgT4ry2aV1N5elO58UNY2yO2/view?usp=drive_link","NO"
"MAIN EVENT","AUDITORIO/MAIN STAGE","PRODUCCIÓN Y MONTAJE","MOBILIARIO ESCENOGRAFICO - SOFA INDIVIDUAL EJECUTIVO NEGRO DE ESEN","","","SI","NO","2","UNIDAD","SI","2","0","0","NO","NO","0","0","0","0","PROVEE ESEN","","ESEN","NO","NO","","NO"
"MAIN EVENT","AUDITORIO/MAIN STAGE","PRODUCCIÓN Y MONTAJE","MOBILIARIO ESCENOGRAFICO - SILLAS PARA PONENTES","","","NO","NO","7","UNIDAD","NO","1","30","210","NO","NO","0","210","27.3","237.3","PENDING","","","NO","NO","","NO"
"MAIN EVENT","AUDITORIO/MAIN STAGE","PRODUCCIÓN Y MONTAJE","MOBILIARIO ESCENOGRAFICO - CUBO ACRILICO PARA MESA LATERAL DE 45X45 CM","","","NO","SI","3","UNIDAD","SI","2","25","150","SI","NO","30","180","23.400000000000002","203.4","A7","","AIRSTAR","SI","SI","https://drive.google.com/file/d/1TB1cjYWRBrdk_frKAkq-bBvzCTXXVk93/view?usp=drive_link","NO"
"MAIN EVENT","AUDITORIO/MAIN STAGE","PRODUCCIÓN Y MONTAJE","MOBILIARIO ESCENOGRAFICO - CUBO ACRILICO PARA MESA LATERAL DE 20X20 CM","","","NO","SI","1","UNIDAD","SI","2","15","30","SI","NO","6","36","4.68","40.68","A7","","AIRSTAR","SI","SI","https://drive.google.com/file/d/1TB1cjYWRBrdk_frKAkq-bBvzCTXXVk93/view?usp=drive_link","NO"
"MAIN EVENT","AUDITORIO/MAIN STAGE","PRODUCCIÓN Y MONTAJE","MOBILIARIO ESCENOGRAFICO - PODIO DE ESEN","","","SI","NO","1","UNIDAD","SI","2","0","0","NO","NO","0","0","0","0","PROVEE ESEN","","ESEN","NO","NO","","NO"
"MAIN EVENT","AUDITORIO/MAIN STAGE","PRODUCCIÓN Y MONTAJE","MOBILIARIO ESCENOGRAFICO - MAGNETO CON BRANDING FULL COLOR PARA PODIO DE ESEN (DIMENSIONES TBD)","","","NO","SI","1","UNIDAD","NO","1","6.64","6.64","SI","NO","1.328","7.968","1.03584","9.00384","PENDING","","","NO","SI","","NO"
"MAIN EVENT","AUDITORIO/MAIN STAGE","MOBILIARIO","SILLAS COORDINACIÓN STAGE-SIDE ESEN","SILLAS PLASTICAS NEGRAS ESEN.","","SI","NO","5","UNIDAD","SI","2","0","0","NO","NO","0","0","0","0","PROVEE ESEN","","ESEN","NO","NO","","NO"
"MAIN EVENT","AUDITORIO/MAIN STAGE","MOBILIARIO","SILLAS EXTRA ASISTENTES ESEN","SILLAS PLASTICAS NEGRAS ESEN.","","SI","NO","154","UNIDAD","SI","2","0","0","NO","NO","0","0","0","0","PROVEE ESEN","","ESEN","NO","NO","","NO"
"MAIN EVENT","AUDITORIO/MAIN STAGE","MOBILIARIO","BUTACAS FIJAS ESEN","","","SI","NO","168","UNIDAD","SI","2","0","0","NO","NO","0","0","0","0","PROVEE ESEN","","ESEN","NO","NO","","NO"
"MAIN EVENT","AUDITORIO/MAIN STAGE","PRODUCCIÓN Y MONTAJE","DIVISION DE PERFILERIA PARA 2 CAMARAS A LOS LATERALES (DIMENSIONES TBD)","","","NO","SI","2","PAQUETE","SI","2","60","240","SI","SI","0","240","31.200000000000003","271.2","A2 - AURORA 360","","AURORA 360","NO","NO","https://drive.google.com/file/d/1lnFJ0911-iRZCkgv6HoYI6zSvt016T90/view","NO"
"MAIN EVENT","AUDITORIO/MAIN STAGE","PRODUCCIÓN Y MONTAJE","TARIMA PARA 2 CAMARAS A LOS LATERALES (1.20X1.20X0.50m)","","","NO","SI","2","UNIDAD","SI","2","50","200","SI","NO","40","240","31.200000000000003","271.2","A6 ON TIME SOLUTIONS CAMILA CRUZ.pdf","","ON TIME SOLUTIONS","NO","NO","https://drive.google.com/file/d/1Wx49rd5OpxtK-tTj72mIuFJnPGoBG8Qj/view?usp=sharing","NO"
"MAIN EVENT","AUDITORIO/MAIN STAGE","ILUMINACIÓN","ILUMINACION MAIN STAGE PARA PONENTES Y PARTICIPANTES","","","NO","SI","1","UNIDAD","SI","2","900","1800","SI","NO","360","2160","280.8","2440.8","A6 ON TIME SOLUTIONS CAMILA CRUZ.pdf","","ON TIME SOLUTIONS","NO","NO","https://drive.google.com/file/d/1Wx49rd5OpxtK-tTj72mIuFJnPGoBG8Qj/view?usp=sharing","NO"
"MAIN EVENT","AUDITORIO/MAIN STAGE","AUDIO","4 SISTEMA DE AUDIO AUTOAMPLIFICADO CON 7 MICROFONOS, MIXER Y OPERADOR","","","NO","SI","1","PAQUETE","NO","1","500","500","SI","NO","100","600","78","678","A6 ON TIME SOLUTIONS CAMILA CRUZ.pdf","","ON TIME SOLUTIONS","NO","NO","https://drive.google.com/file/d/1Wx49rd5OpxtK-tTj72mIuFJnPGoBG8Qj/view?usp=sharing","NO"
"MAIN EVENT","AUDITORIO/MAIN STAGE","AUDIO","MONITOR PARA PRENSA","","","NO","SI","2","UNIDAD","SI","2","80","320","SI","NO","64","384","49.92","433.92","A6 ON TIME SOLUTIONS CAMILA CRUZ.pdf","","ON TIME SOLUTIONS","NO","NO","https://drive.google.com/file/d/1Wx49rd5OpxtK-tTj72mIuFJnPGoBG8Qj/view?usp=sharing","NO"
"MAIN EVENT","AUDITORIO/MAIN STAGE","MOBILIARIO","MESA ESEN (1.80 X 0.85 M) PARA AV SET UP","","","SI","NO","5","UNIDAD","SI","2","0","0","NO","NO","0","0","0","0","PROVEE ESEN","","ESEN","NO","NO","","NO"
"MAIN EVENT","AUDITORIO/MAIN STAGE","MANTELERIA","MANTEL PARA MESA PARA AV SET UP","","MANTELERIA SE MANDARA HACER PARA OBVIAR COSTOS ALTOS DE ALQUILER DE MANTELES.","NO","NO","5","UNIDAD","SI","2","3","30","NO","NO","0","30","3.9000000000000004","33.9","A4","","ALQUILERES EXPRESS","NO","NO","https://drive.google.com/file/d/1naOQex6vwh7_3M5kqpQdA6KqNa_5QJeJ/view","NO"
"MAIN EVENT","AUDITORIO/MAIN STAGE","MOBILIARIO","SILLAS PARA TECNICOS EN AV SET UP","","","SI","NO","10","UNIDAD","SI","2","0","0","NO","NO","0","0","0","0","PROVEE ESEN","","ESEN","NO","NO","","NO"
"MAIN EVENT","AUDITORIO/MAIN STAGE","PRODUCCION AUDIOVISUAL","CAMARA PTZ: TRÍPODE, CABLES Y CONTROLADOR IP DEL EQUIPO.","","","NO","SI","6","UNIDAD","NO","1","800","4800","SI","SI","0","4800","624","5424","PROAUDIO V3.pdf","","PROAUDIO","NO","NO","https://drive.google.com/drive/search?q=C2%20LABB,%20CAMILA%20CRUZ,%20COCTEL%20SOLO%20ENTREGA,%20NOVIEMBRE%201.pdf","NO"
"MAIN EVENT","AUDITORIO/MAIN STAGE","PRODUCCION AUDIOVISUAL","CAMARA FHD: TRÍPODE Y CABLES.","","","NO","SI","2","UNIDAD","NO","1","600","1200","SI","SI","0","1200","156","1356","PROAUDIO V3.pdf","","PROAUDIO","NO","NO","https://drive.google.com/drive/search?q=C2%20LABB,%20CAMILA%20CRUZ,%20COCTEL%20SOLO%20ENTREGA,%20NOVIEMBRE%201.pdf","NO"
"MAIN EVENT","AUDITORIO/MAIN STAGE","PRODUCCION AUDIOVISUAL","RECORDING DEVICE AND 4 HDD: DISPOSITIVO DE GRABACIÓN Y HDD.","","","NO","SI","1","UNIDAD","NO","1","1600","1600","SI","SI","0","1600","208","1808","PROAUDIO V3.pdf","","PROAUDIO","NO","NO","https://drive.google.com/drive/search?q=C2%20LABB,%20CAMILA%20CRUZ,%20COCTEL%20SOLO%20ENTREGA,%20NOVIEMBRE%201.pdf","NO"
"MAIN EVENT","AUDITORIO/MAIN STAGE","PRODUCCION AUDIOVISUAL","CCTV -HARDWARE/CABLES PARA DISTRIBUCION DE SEÑAL MAINSTAGE","","","NO","SI","1","UNIDAD","NO","1","1300","1300","SI","SI","0","1300","169","1469","PROAUDIO V3.pdf","","PROAUDIO","NO","NO","https://drive.google.com/drive/search?q=C2%20LABB,%20CAMILA%20CRUZ,%20COCTEL%20SOLO%20ENTREGA,%20NOVIEMBRE%201.pdf","NO"
"MAIN EVENT","AUDITORIO/MAIN STAGE","PRODUCCION AUDIOVISUAL","SWITCHER, PC, CAPTURE CARDS, SWOOGO SOFTWARE","","","NO","SI","1","UNIDAD","NO","1","2200","2200","SI","SI","0","2200","286","2486","PROAUDIO V3.pdf","","PROAUDIO","NO","NO","https://drive.google.com/drive/search?q=C2%20LABB,%20CAMILA%20CRUZ,%20COCTEL%20SOLO%20ENTREGA,%20NOVIEMBRE%201.pdf","NO"
"MAIN EVENT","AUDITORIO/MAIN STAGE","PRODUCCION AUDIOVISUAL","PRODUCCION DE GRAFICOS (INTRO, 25 GRAFICOS X SPEAKERS, SALIDAS)","","","NO","SI","1","PAQUETE","NO","1","1500","1500","SI","SI","0","1500","195","1695","PROAUDIO V3.pdf","","PROAUDIO","NO","NO","https://drive.google.com/drive/search?q=C2%20LABB,%20CAMILA%20CRUZ,%20COCTEL%20SOLO%20ENTREGA,%20NOVIEMBRE%201.pdf","NO"
"MAIN EVENT","AUDITORIO/MAIN STAGE","PRODUCCION AUDIOVISUAL","PANTALLA LED P3 14m x 4m, ESTRUCTURAS Y PROCESADOR","","","NO","SI","56","PIEZAS","NO","1","150","8400","SI","SI","0","8400","1092","9492","PROAUDIO V3.pdf","","PROAUDIO","NO","NO","https://drive.google.com/drive/search?q=C2%20LABB,%20CAMILA%20CRUZ,%20COCTEL%20SOLO%20ENTREGA,%20NOVIEMBRE%201.pdf","NO"
"MAIN EVENT","AUDITORIO/MAIN STAGE","PRODUCCION AUDIOVISUAL","PANTALLA LED P3 1m x 4m (PANTALLA LATERAL)","","","NO","SI","4","PIEZAS","NO","1","150","600","SI","SI","0","600","78","678","PROAUDIO V3.pdf","","PROAUDIO","NO","NO","https://drive.google.com/drive/search?q=C2%20LABB,%20CAMILA%20CRUZ,%20COCTEL%20SOLO%20ENTREGA,%20NOVIEMBRE%201.pdf","NO"
"MAIN EVENT","AUDITORIO/MAIN STAGE","PRODUCCION AUDIOVISUAL","MONITOR DE REFERENCIA 75' (ESTILO TELEPROMPTERS)","","","NO","SI","2","UNIDAD","NO","1","125","250","SI","SI","0","250","32.5","282.5","PROAUDIO V3.pdf","","PROAUDIO","NO","NO","https://drive.google.com/drive/search?q=C2%20LABB,%20CAMILA%20CRUZ,%20COCTEL%20SOLO%20ENTREGA,%20NOVIEMBRE%201.pdf","NO"
"MAIN EVENT","AUDITORIO/MAIN STAGE","COMUNICACION","AURICULARES","DISPOSITIVOS DE COMUNICACION PARA ORGANIZADORES, PRODUCCION Y AV TEAM","","NO","NO","8","UNIDAD","SI","2","62.5","1000","NO","NO","0","1000","130","1130","PENDING","","","NO","NO","","NO"
"MAIN EVENT","AUDITORIO/MAIN STAGE","STAFF","PERSONAL TECNICO DE PRODUCCIÓN AV: STREAMING, LED, FLOOR MANAGEMENT, ETC)","","","NO","SI","11","PERSONA","NO","1","0","0","SI","SI","0","0","0","0","PROAUDIO V3.pdf","","PROAUDIO","NO","NO","https://drive.google.com/drive/search?q=C2%20LABB,%20CAMILA%20CRUZ,%20COCTEL%20SOLO%20ENTREGA,%20NOVIEMBRE%201.pdf","NO"
"MAIN EVENT","AUDITORIO/MAIN STAGE","STAFF","PERSONAL TECNICO DE PRODUCCIÓN AV: STREAMING, LED, FLOOR MANAGEMENT, ETC) PARA ENSAYO (4HR)","","","NO","SI","1","SERVICIO","SI","1","500","500","SI","SI","0","500","65","565","PROAUDIO V3.pdf","","PROAUDIO","NO","NO","https://drive.google.com/drive/search?q=C2%20LABB,%20CAMILA%20CRUZ,%20COCTEL%20SOLO%20ENTREGA,%20NOVIEMBRE%201.pdf","NO"
"MAIN EVENT","AUDITORIO/MAIN STAGE","STAFF","PERSONAL PRODUCCIÓN AURORA360: SUPERVISORES DIA DEL EVENTO","","","NO","NO","2","PERSONA","SI","2","44.44","177.76","NO","NO","0","177.76","23.1088","200.8688","","","AURORA 360","SI","SI","","NO"
"MAIN EVENT","AUDITORIO/MAIN STAGE","STAFF","PERSONAL PRODUCCIÓN AURORA360: SUPERVISORES DIA(S) DE MONTAJE","","","NO","NO","2","PERSONA","SI","2","44.44","177.76","NO","NO","0","177.76","23.1088","200.8688","","","AURORA 360","SI","SI","","NO"
"MAIN EVENT","AUDITORIO/MAIN STAGE","STAFF","PERSONAL PRODUCCIÓN AURORA360: SUPERVISORES DIA(S) DE DESMONTAJE","","","NO","NO","2","PERSONA","SI","2","44.44","177.76","NO","NO","0","177.76","23.1088","200.8688","","","AURORA 360","SI","SI","","NO"
"MAIN EVENT","AUDITORIO/MAIN STAGE","VOLUNTARIOS","DOOR HANDLERS","","","SI","NO","2","PERSONA","SI","2","0","0","NO","NO","0","0","0","0","VOLUNTARIO","","C2 LABS","NO","NO","","NO"
"MAIN EVENT","AUDITORIO/MAIN STAGE","VOLUNTARIOS","MIC RUNNERS","","","SI","NO","4","PERSONA","SI","2","0","0","NO","NO","0","0","0","0","VOLUNTARIO","","C2 LABS","NO","NO","","NO"
"MAIN EVENT","AUDITORIO/MAIN STAGE","INTERNET","RED DE INTERNET PARA MAINSTAGE/BACKSTAGE (CLARO)","","","NO","NO","1","SERVICIO","NO","1","1500","1500","NO","NO","0","1500","195","1695","","","","SI","SI","","NO"
"MAIN EVENT","AUDITORIO/MAIN STAGE","INTERNET","RED DE INTERNET PARA FALLBACK DE MAINSTAGE/BACKSTAGE","","","NO","NO","1","SERVICIO","NO","1","0","0","NO","NO","0","0","0","0","PENDING","","","NO","NO","","NO"
"MAIN EVENT","LIVING SPACE (CAFETERIA)","MOBILIARIO","JUEGOS ALTOS MESA RENDONDA + 4 STOOLS NEGROS DELIBAQUETES SIN MANTEL","","","NO","SI","30","JUEGOS","SI","2","90","5400","SI","SI","0","5400","702","6102","A10","","DELIBANQUETES","SI","SI","https://drive.google.com/file/d/1fYAYJmKXo-D3iKCs8AGy4BCkw5-WNY_w/view","NO"
"MAIN EVENT","LIVING SPACE (CAFETERIA)","MOBILIARIO","JUEGOS BAJOS METAL INTERNOS (SOLO MESAS) ESEN CON MANTEL","","","SI","NO","15","UNIDAD","SI","2","0","0","NO","NO","0","0","0","0","PROVEE ESEN","","ESEN","NO","NO","","NO"
"MAIN EVENT","LIVING SPACE (CAFETERIA)","MANTELERIA","MANTEL PARA MESA METAL ESEN (DIMENSIONES TBD)","","MANTELERIA SE MANDARA HACER PARA OBVIAR COSTOS ALTOS DE ALQUILER DE MANTELES.","NO","NO","15","UNIDAD","SI","2","3","90","NO","NO","0","90","11.700000000000001","101.7","","","","NO","NO","","NO"
"MAIN EVENT","LIVING SPACE (CAFETERIA)","MOBILIARIO","SILLAS NEGRAS PARA MESA METAL ESEN CON MANTEL","","","SI","NO","60","UNIDAD","SI","2","0","0","NO","NO","0","0","0","0","PROVEE ESEN","","ESEN","NO","NO","","NO"
"MAIN EVENT","LIVING SPACE (CAFETERIA)","MOBILIARIO","CHARGING STATIONS","","","NO","SI","2","UNIDAD","SI","2","40","160","SI","SI","0","160","20.8","180.8","A2 - AURORA 360","","AURORA 360","SI","SI","https://drive.google.com/file/d/1lnFJ0911-iRZCkgv6HoYI6zSvt016T90/view","NO"
"MAIN EVENT","LIVING SPACE (CAFETERIA)","AUDIO","SISTEMA DE AUDIO AUTOAMPLIFICADO CON MICROFONO, MIXER, Y OPERADOR","","","NO","NO","1","PAQUETE","SI","2","500","1000","NO","NO","0","1000","130","1130","A6 ON TIME SOLUTIONS CAMILA CRUZ.pdf","","ON TIME SOLUTIONS","NO","NO","https://drive.google.com/file/d/1Wx49rd5OpxtK-tTj72mIuFJnPGoBG8Qj/view","NO"
"MAIN EVENT","LIVING SPACE (CAFETERIA)","ILUMINACION","ILUMINACION PARADES CAFETERIA","","","NO","NO","12","UNIDAD","SI","2","25","600","NO","NO","0","600","78","678","A6 ON TIME SOLUTIONS CAMILA CRUZ.pdf","","ON TIME SOLUTIONS","NO","NO","https://drive.google.com/file/d/1Wx49rd5OpxtK-tTj72mIuFJnPGoBG8Qj/view","NO"
"MAIN EVENT","LIVING SPACE (CAFETERIA)","ELECTRICO","TOMAS 110 PARA BOOTH (2 TOMAS POR BOOTH)","","","NO","NO","5","UNIDAD","NO","1","55.55","277.75","NO","NO","0","277.75","36.1075","313.8575","","","","NO","NO","","NO"
"MAIN EVENT","LIVING SPACE (CAFETERIA)","PRODUCCIÓN Y MONTAJE","CUBO ACRILICO PARA DECORACIÓN DE 45X45 CM","","","NO","SI","3","UNIDAD","SI","2","25","150","SI","NO","30","180","23.400000000000002","203.4","A7","","AIRSTAR","SI","SI","https://drive.google.com/file/d/1TB1cjYWRBrdk_frKAkq-bBvzCTXXVk93/view?usp=drive_link","NO"
"MAIN EVENT","LIVING SPACE (CAFETERIA)","PRODUCCIÓN Y MONTAJE","CUBO ACRILICO PARA DECORACIÓN DE 20X20 CM","","","NO","SI","1","UNIDAD","SI","2","15","30","SI","NO","6","36","4.68","40.68","A7","","AIRSTAR","SI","SI","https://drive.google.com/file/d/1TB1cjYWRBrdk_frKAkq-bBvzCTXXVk93/view?usp=drive_link","NO"
"MAIN EVENT","LIVING SPACE (CAFETERIA)","PRODUCCIÓN Y MONTAJE","DIVISIÓN DE PERFILERIA CON PVC BLANCO PARA CAFETERIA 20 MTS","","","NO","SI","15","UNIDAD","NO","1","40","600","SI","SI","0","600","78","678","A2 - AURORA 360","","AURORA 360","SI","SI","https://drive.google.com/file/d/1lnFJ0911-iRZCkgv6HoYI6zSvt016T90/view","NO"
"MAIN EVENT","LIVING SPACE (CAFETERIA)","BOOTHS/STANDS","BOOTH ESEN","","","NO","SI","1","UNIDAD","NO","1","195","195","SI","SI","0","195","25.35","220.35","A2 - AURORA 360","","AURORA 360","NO","NO","https://drive.google.com/file/d/1lnFJ0911-iRZCkgv6HoYI6zSvt016T90/view","NO"
"MAIN EVENT","LIVING SPACE (CAFETERIA)","BOOTHS/STANDS","BOOTH ANIA","","","NO","SI","1","UNIDAD","NO","1","195","195","SI","SI","0","195","25.35","220.35","A2 - AURORA 360","","AURORA 360","NO","NO","https://drive.google.com/file/d/1lnFJ0911-iRZCkgv6HoYI6zSvt016T90/view","NO"
"MAIN EVENT","LIVING SPACE (CAFETERIA)","BOOTHS/STANDS","EXTRA BOOTHS TBD...","","","NO","NO","TBD","","","","0","0","NO","NO","0","0","0","0","","","","NO","NO","","NO"
"MAIN EVENT","LIVING SPACE (CAFETERIA)","INTERNET","RED DE INTERNET PARA ASISTENTES DEL EVENTO","","","NO","NO","1","SERVICIO","NO","1","0","0","NO","NO","0","0","0","0","PENDING","","","NO","NO","","NO"
"MAIN EVENT","LIVING SPACE (TERRAZA)","MOBILIARIO","JUEGOS MESAS Y SILLAS BAJAS METALICOS EN TERRAZA AL AIRE LIBRE ESEN","","","SI","NO","20","UNIDAD","SI","2","0","0","NO","NO","0","0","0","0","PROVEE ESEN","","ESEN","NO","NO","","NO"
"MAIN EVENT","LIVING SPACE (TERRAZA)","MOBILIARIO","JUEGOS BAJOS METAL INTERNOS (SOLO MESAS) ESEN SIN MANTEL","","","SI","NO","18","UNIDAD","SI","2","0","0","NO","NO","0","0","0","0","PROVEE ESEN","","ESEN","NO","NO","","NO"
"MAIN EVENT","LIVING SPACE (TERRAZA)","MOBILIARIO","SILLAS NEGRAS ESEN PARA MESA METAL ESEN SIN MANTEL","","","SI","NO","72","UNIDAD","SI","2","0","0","NO","NO","0","0","0","0","PROVEE ESEN","","ESEN","NO","NO","","NO"
"MAIN EVENT","LIVING SPACE (TERRAZA)","ILUMINACION","ILUMINACION PARADES PLANTAS/AMBIENTE TERRAZA","","","NO","NO","12","UNIDAD","SI","2","25","600","NO","NO","0","600","78","678","A6 ON TIME SOLUTIONS CAMILA CRUZ.pdf","","ON TIME SOLUTIONS","NO","NO","https://drive.google.com/file/d/1Wx49rd5OpxtK-tTj72mIuFJnPGoBG8Qj/view","NO"
"MAIN EVENT","LIVING SPACE (TERRAZA)","MOBILIARIO","SEGUNDA BARRA DE BEBIDAS TIPO O/U/ISLA","","","NO","NO","1","UNIDAD","SI","2","350","700","NO","NO","0","700","91","791","","","","NO","NO","","NO"
"MAIN EVENT","ZONA DE ALIMENTOS @ PING PONG ROOM","MOBILIARIO","MESA LIFETIMES DE 1.80 X 0.85 M (ZONA DE ALMACENAMIENTO DE ALIMENTOS)","","","NO","NO","8","UNIDAD","SI","2","3","48","NO","NO","0","48","6.24","54.24","A4","","ALQUILERES EXPRESS","NO","NO","https://drive.google.com/file/d/1naOQex6vwh7_3M5kqpQdA6KqNa_5QJeJ/view","NO"
"MAIN EVENT","ZONA DE ALIMENTOS @ PING PONG ROOM","MOBILIARIO","MANTEL PARA SERVICIO DE ALIMENTOS","","MANTELERIA SE MANDARA HACER PARA OBVIAR COSTOS ALTOS DE ALQUILER DE MANTELES.","NO","NO","8","UNIDAD","SI","2","3","48","NO","NO","0","48","6.24","54.24","A4","","ALQUILERES EXPRESS","NO","NO","https://drive.google.com/file/d/1naOQex6vwh7_3M5kqpQdA6KqNa_5QJeJ/view","NO"
"MAIN EVENT","ZONA DE ALIMENTOS @ PING PONG ROOM","MOBILIARIO","BARRAS PARA ZONA DE ALIMENTOS 2M LARGO X 1.40M ALTURA X 0.40 PROFUNDIDAD CON BRANDING FRONTAL (REPISAS Y LUZ PARA LA NOCHE)","","ESTAS BARRAS SE UTILIZARÁN PARA MONTAR LOS COFFE BREAKS TAMBIEN","NO","SI","2","UNIDAD","SI","2","245","980","SI","SI","0","980","127.4","1107.4","A2 - AURORA 360","","AURORA 360","SI","SI","https://drive.google.com/file/d/1lnFJ0911-iRZCkgv6HoYI6zSvt016T90/view","NO"
"MAIN EVENT","ZONA DE ALIMENTOS @ PING PONG ROOM","ELECTRICO","2 TOMAS 110","","","NO","NO","1","UNIDAD","NO","1","99.99","99.99","NO","NO","0","99.99","12.9987","112.9887","","","","NO","NO","","NO"
"MAIN EVENT","ZONA DE ALIMENTOS @ PING PONG ROOM","EQUIPO","PERCOLADORA DE CAFE","","","NO","NO","1","UNIDAD","NO","1","177.99","177.99","NO","NO","0","177.99","23.138700000000004","201.1287","","","","NO","NO","","NO"
"MAIN EVENT","ZONA DE ALIMENTOS @ PING PONG ROOM","EQUIPO","HIELERAS","","","NO","NO","4","UNIDAD","NO","1","125","500","NO","NO","0","500","65","565","","","","NO","NO","","NO"
"MAIN EVENT","ZONA DE ALIMENTOS @ PING PONG ROOM","EQUIPO","MENAJE DESECHABLE","","","NO","NO","1","PAQUETE","NO","1","200","200","NO","NO","0","200","26","226","","","","NO","NO","","NO"
"MAIN EVENT","ZONA DE ALIMENTOS @ PING PONG ROOM","EQUIPO","MENAJE & SUMINISTROS OPERATIVOS","","","NO","NO","1","PAQUETE","NO","1","350","350","NO","NO","0","350","45.5","395.5","","","","NO","NO","","NO"
"MAIN EVENT","ZONA DE ALIMENTOS @ PING PONG ROOM","EQUIPO","BANDEJAS","","","SI","NO","20","UNIDAD","SI","2","0","0","NO","NO","0","0","0","0","","","","NO","NO","","NO"
"MAIN EVENT","ZONA DE ALIMENTOS @ PING PONG ROOM","STAFF","FOOD & BEVERAGE SERVICE STAFF","","","NO","NO","15","PERSONA","SI","2","125","3750","NO","NO","0","3750","487.5","4237.5","MONTIEL - Camila Cruz.pdf","","MONTIEL","SI","SI","https://drive.google.com/file/d/1sVDQeYsEq8t-amYUo2h7Id29fsrHKgmP/view?usp=sharing","NO"
"MAIN EVENT","ZONA DE ALIMENTOS @ PING PONG ROOM","CATERING","ANDIAN - LUNCH AND COFFEE BREAKS [DIA 1 & 2 - TRANSPORTE E IVA INC.] (QUOTATION BASED ON 400 PEOPLE)","","","NO","NO","1","SERVICIO","NO","1","27205.63","27205.63","NO","NO","0","27205.63","3536.7319","30742.3619","ANDIAN - 2026.pdf","","ANDIAN","NO","NO","https://drive.google.com/file/d/1Vb-KO2lranR5oCYtMsJiwun4GV-8zik5/view?usp=sharing","NO"
"MAIN EVENT","ZONA DE ALIMENTOS @ PING PONG ROOM","CATERING","DELIBANQUETES - BOCAS COCTEL [DIA 1 & 2 - TRANSPORTE E IVA NO INC.] (QUOTATION BASED ON 400 PEOPLE)","","","NO","NO","1","SERVICIO","NO","1","17725","17725","NO","NO","0","17725","2304.25","20029.25","C2 LABB, CAMILA CRUZ, COCTEL SOLO ENTREGA, NOVIEMBRE 1.pdf","","DELIBANQUETES","NO","NO","https://drive.google.com/file/d/1HXloUVaR7oxKdRdIDueXn5oYyctqo8p5/view?usp=sharing","NO"
"MAIN EVENT","ZONA DE ALIMENTOS @ PING PONG ROOM","CATERING","BEBIDAS NO ALCOHOLICAS [DIA 1 & 2 - TRANSPORTE E IVA NO INC.]","","","NO","NO","1","PAQUETE","NO","1","800","800","NO","NO","0","800","104","904","","","PRICESMART","NO","NO","","NO"
"MAIN EVENT","ZONA DE ALIMENTOS @ PING PONG ROOM","CATERING","AGUA EMBOTELLADA [DIA 1 & 2 - TRANSPORTE E IVA NO INC.]","","","NO","NO","1","PAQUETE","NO","1","300","300","NO","NO","0","300","39","339","","","PRICESMART","NO","NO","","NO"
"MAIN EVENT","ESTACION DE CAFE","CATERING","ESTACION DE CAFE PERMANENTE [DIA 1 & 2 - TRANSPORTE E IVA NO INC.]","","","NO","NO","1","PAQUETE","NO","1","200","200","NO","NO","0","200","26","226","","","","NO","NO","","NO"
"MAIN EVENT","ESTACION DE CAFE","EQUIPO","PERCOLADORAS DE CAFE","","","NO","NO","2","UNIDAD","NO","1","177.99","355.98","NO","NO","0","355.98","46.27740000000001","402.2574","","","","NO","NO","","NO"
"MAIN EVENT","ESTACION DE CAFE","ELECTRICO","2 TOMAS 110","","","NO","NO","1","SERVICIO","NO","1","99.99","99.99","NO","NO","0","99.99","12.9987","112.9887","","","","NO","NO","","NO"
"MAIN EVENT","ESTACION DE CAFE","MOBILIARIO","MESA LIFETIMES DE 1.80 X 0.85 M","","","NO","NO","2","UNIDAD","SI","2","3","12","NO","NO","0","12","1.56","13.56","A4","","ALQUILERES EXPRESS","NO","NO","https://drive.google.com/file/d/1naOQex6vwh7_3M5kqpQdA6KqNa_5QJeJ/view","NO"
"MAIN EVENT","ESTACION DE CAFE","MOBILIARIO","MANTELES CON FALDON","","MANTELERIA SE MANDARA HACER PARA OBVIAR COSTOS ALTOS DE ALQUILER DE MANTELES.","NO","NO","10","UNIDAD","SI","2","10","200","NO","NO","0","200","26","226","","","","NO","NO","","NO"
"MAIN EVENT","ESTACION DE CAFE","EQUIPO","MENAJE DESECHABLE","","","NO","NO","1","PAQUETE","NO","1","200","200","NO","NO","0","200","26","226","","","","NO","NO","","NO"
"MAIN EVENT","ESTACION DE CAFE","EQUIPO","MENAJE & SUMINISTROS OPERATIVOS","","","NO","NO","1","PAQUETE","NO","1","350","350","NO","NO","0","350","45.5","395.5","","","","NO","NO","","NO"
"MAIN EVENT","PRESS/SPEAKER ROOM","MOBILIARIO","JUEGOS DE MESAS Y SILLAS (2 MESAS + 6 SILLAS) ESEN","","","SI","NO","5","JUEGOS","SI","2","0","0","NO","NO","0","0","0","0","PROVEE ESEN","","ESEN","NO","NO","","NO"
"MAIN EVENT","PRESS/SPEAKER ROOM","MOBILIARIO","SILLONES EJECUTIVOS AMARILLOS (ESEN)","","","NO","NO","1","UNIDAD","SI","2","0","0","NO","NO","0","0","0","0","PROVEE ESEN","","ESEN","NO","NO","","NO"
"MAIN EVENT","PRESS/SPEAKER ROOM","PRODUCCIÓN Y MONTAJE","CUBO ACRILICO PARA DECORACIÓN DE 45X45 CM","","","NO","SI","3","UNIDAD","SI","2","25","150","SI","NO","30","180","23.400000000000002","203.4","A7","","AIRSTAR","SI","SI","https://drive.google.com/file/d/1TB1cjYWRBrdk_frKAkq-bBvzCTXXVk93/view?usp=drive_link","NO"
"MAIN EVENT","PRESS/SPEAKER ROOM","PRODUCCIÓN Y MONTAJE","CUBO ACRILICO PARA DECORACIÓN DE 20X20 CM","","","NO","SI","1","UNIDAD","SI","2","15","30","SI","NO","6","36","4.68","40.68","A7","","AIRSTAR","SI","SI","https://drive.google.com/file/d/1TB1cjYWRBrdk_frKAkq-bBvzCTXXVk93/view?usp=drive_link","NO"
"MAIN EVENT","PRESS/SPEAKER ROOM","PRODUCCIÓN Y MONTAJE","BACKING DE ENTREVISTAS 3M x 2.40M","","","NO","SI","1","UNIDAD","SI","2","300","600","SI","SI","0","600","78","678","A2 - AURORA 360","","AURORA 360","SI","SI","https://drive.google.com/file/d/1lnFJ0911-iRZCkgv6HoYI6zSvt016T90/view","NO"
"","","","ESEN IT ASSISTANT","","","NO","NO","1","PERSONA","SI","2","0","0","NO","NO","0","0","0","0","PROVEE ESEN","","ESEN","NO","NO","","NO"
"MAIN EVENT","REPLAY ROOM 1","VOLUNTARIOS","DOOR HANDLERS","","","SI","NO","2","PERSONA","SI","2","0","0","NO","NO","0","0","0","0","VOLUNTARIO","","C2 LABS","NO","NO","","NO"
"MAIN EVENT","REPLAY ROOM 2","VOLUNTARIOS","REPLAY ROOM ASSISTANT","","","SI","NO","1","PERSONA","SI","2","0","0","NO","NO","0","0","0","0","VOLUNTARIO","","C2 LABS","NO","NO","","NO"
"MAIN EVENT","REPLAY ROOM 3","INTERNET","RED DE INTERNET PARA REPLAY ROOMS (ESEN)","","","NO","NO","1","SERVICIO","NO","1","0","0","NO","NO","0","0","0","0","PROVEE ESEN","","ESEN","NO","NO","","NO"
"MAIN EVENT","REPLAY ROOM 4","INTERNET","RED DE INTERNET PARA FALLBACK DE REPLAY ROOMS","","","NO","NO","1","SERVICIO","NO","1","0","0","NO","NO","0","0","0","0","","","","NO","NO","","NO"
"MAIN EVENT","REPLAY ROOM 2","VOLUNTARIOS","DOOR HANDLERS","","","SI","NO","2","PERSONA","SI","2","0","0","NO","NO","0","0","0","0","VOLUNTARIO","","C2 LABS","NO","NO","","NO"
"MAIN EVENT","REPLAY ROOM 2","STAFF","ESEN IT ASSISTANT","","","SI","NO","1","PERSONA","SI","2","0","0","NO","NO","0","0","0","0","PROVEE ESEN","","ESEN","NO","NO","","NO"
"","","","REPLAY ROOM ASSISTANT","","","NO","NO","1","PERSONA","SI","2","0","0","NO","NO","0","0","0","0","VOLUNTARIO","","C2 LABS","NO","NO","","NO"
"MAIN EVENT","SHORT FORM EXPERIENCE ROOM","FUN CAPITAL STAFF","SCANNING STAFF","","","NO","NO","2","PERSONA","SI","2","30","120","NO","NO","0","120","15.600000000000001","135.6","PROPUESTA DE VALOR FUN CAPITAL CAMILA.pdf","","FUN CAPITAL","NO","NO","https://drive.google.com/file/d/1qEZF5SMpdzAlxZ6Ounf4x2wmZWhtWROd/view?usp=sharing","NO"
"MAIN EVENT","WASTE MANAGEMENT & GENERAL CLEANING","WASTE MANAGEMENT","BASURERO REDONDO RUBBERMAID CAPACIDAD 55 GALONES.","","","NO","NO","4","UNIDAD","NO","1","25","100","NO","NO","0","100","13","113","","","","NO","NO","","NO"
"MAIN EVENT","WASTE MANAGEMENT & GENERAL CLEANING","WASTE MANAGEMENT","BOLSAS DE BASURA 55 GALONES","","","NO","NO","5","UNIDAD","NO","1","19.49","97.44999999999999","NO","NO","0","97.44999999999999","12.668499999999998","110.11849999999998","","","","NO","NO","","NO"
"MAIN EVENT","WASTE MANAGEMENT & GENERAL CLEANING","STAFF","PERSONAL DE LIMPIEZA BAÑOS ESEN","","","SI","NO","5","PERSONA","SI","2","0","0","NO","NO","0","0","0","0","PROVEE ESEN","","ESEN","NO","NO","","NO"
"MAIN EVENT","WASTE MANAGEMENT & GENERAL CLEANING","STAFF","AUXILIAR DE LIMPIEZA","","","NO","NO","2","PERSONA","SI","2","20","80","NO","NO","0","80","10.4","90.4","","","","NO","NO","","NO"
"MAIN EVENT","TRANSPORTE DE EQUIPO Y/O ELEMENTOS DE PRODUCCIÓN & MONTAJE","TRANSPORTE MOBILIARIO Y EQUIPO","CUBOS ACRILICOS","","","NO","SI","1","SERVICIO","NO","1","45","45","SI","NO","9","54","7.0200000000000005","61.02","A7","","AIRSTAR","SI","SI","https://drive.google.com/file/d/1TB1cjYWRBrdk_frKAkq-bBvzCTXXVk93/view","NO"
"MAIN EVENT","TRANSPORTE DE EQUIPO Y/O ELEMENTOS DE PRODUCCIÓN & MONTAJE","TRANSPORTE MOBILIARIO Y EQUIPO","MESAS, SILLAS Y MANTELES","","MANTELERIA SE MANDARA HACER PARA OBVIAR COSTOS ALTOS DE ALQUILER DE MANTELES.","NO","SI","1","SERVICIO","NO","1","90","90","SI","NO","18","108","14.040000000000001","122.04","A4","","ALQUILERES EXPRESS","NO","NO","https://drive.google.com/file/d/1naOQex6vwh7_3M5kqpQdA6KqNa_5QJeJ/view","NO"
"MAIN EVENT","TRANSPORTE DE EQUIPO Y/O ELEMENTOS DE PRODUCCIÓN & MONTAJE","TRANSPORTE ALIMENTOS","DOMICILIO DELIBANQUETES","","","NO","NO","1","SERVICIO","NO","1","80","80","NO","NO","0","80","10.4","90.4","C2 LABB, CAMILA CRUZ, COCTEL SOLO ENTREGA, NOVIEMBRE 1.pdf","","DELIBANQUETES","NO","NO","https://drive.google.com/drive/search?q=C2%20LABB,%20CAMILA%20CRUZ,%20COCTEL%20SOLO%20ENTREGA,%20NOVIEMBRE%201.pdf","NO"
"MAIN EVENT","TRANSPORTE DE EQUIPO Y/O ELEMENTOS DE PRODUCCIÓN & MONTAJE","TRANSPORTE IMPRENTA","IMPRESIONES DIVERSAS","","SE DEBERAN CONTRATAR CON UNA IMPRENTA DIRECTAMENTE PARA OBVIAR AGENCY FEE.","NO","SI","1","SERVICIO","NO","1","10","10","SI","NO","2","12","1.56","13.56","A3","","TINTA Y SOPORTE DIGITAL","SI","SI","https://drive.google.com/file/d/1mw_3fyW1rHC0RUgnUPPnvzgi98OOeFOY/view","NO"
"MAIN EVENT","SEÑALETICA","SEÑALETICA","AFICHES CON LAMINADO PARA AREAS (MAIN STAGE, BACKSTAGE, REPLAY ROOM 1, REPLAY ROOM 2, REPLAY ROOM 3, 4 PARA REGISTRO + 2 EXTRAS)","","SE DEBERAN CONTRATAR CON UNA IMPRENTA DIRECTAMENTE PARA OBVIAR AGENCY FEE.","NO","SI","11","UNIDAD","NO","1","1.75","19.25","SI","NO","3.85","23.1","3.003","26.103","A3","","TINTA Y SOPORTE DIGITAL","NO","NO","https://drive.google.com/file/d/1mw_3fyW1rHC0RUgnUPPnvzgi98OOeFOY/view","NO"
"MAIN EVENT","SEÑALETICA","SEÑALETICA","AFICHES LAMINADO DE BIENVENIDA","","SE DEBERAN CONTRATAR CON UNA IMPRENTA DIRECTAMENTE PARA OBVIAR AGENCY FEE.","NO","SI","1","UNIDAD","NO","1","2.25","2.25","SI","NO","0.45","2.7","0.35100000000000003","3.051","A3","","TINTA Y SOPORTE DIGITAL","NO","NO","https://drive.google.com/file/d/1mw_3fyW1rHC0RUgnUPPnvzgi98OOeFOY/view","NO"
"MAIN EVENT","SEÑALETICA","SEÑALETICA","PALETAS INFORMATIVAS DE 5.5 X 8.5 IN","","SE DEBERAN CONTRATAR CON UNA IMPRENTA DIRECTAMENTE PARA OBVIAR AGENCY FEE.","NO","SI","10","UNIDAD","NO","1","1.45","14.5","SI","NO","2.9000000000000004","17.4","2.262","19.662","","","","NO","NO","","NO"
"MAIN EVENT","SEÑALETICA","SEÑALETICA","PEDESTAL CON SEÑALETICA (SPEAKER/PRESS ROOM, 2 EN PARQUEO, 2 SHORT FORM EXPERIENCE ROOM, 2 EXTRAS)","","SE DEBERAN CONTRATAR CON UNA IMPRENTA DIRECTAMENTE PARA OBVIAR AGENCY FEE.","NO","SI","7","UNIDAD","NO","1","60","420","SI","SI","0","420","54.6","474.6","A2 - AURORA 360","","AURORA 360","NO","NO","https://drive.google.com/file/d/1lnFJ0911-iRZCkgv6HoYI6zSvt016T90/view","NO"
"MAIN EVENT","SEÑALETICA","SEÑALETICA","ROTULOS EN SHORT FORM EXPERIENCE ROOM","","SE DEBERAN CONTRATAR CON UNA IMPRENTA DIRECTAMENTE PARA OBVIAR AGENCY FEE.","NO","SI","3","UNIDAD","NO","1","40","120","SI","SI","0","120","15.600000000000001","135.6","A2 - AURORA 360","","AURORA 360","NO","NO","https://drive.google.com/file/d/1lnFJ0911-iRZCkgv6HoYI6zSvt016T90/view","NO"
"MAIN EVENT","SEÑALETICA","SEÑALETICA","ROTULOS PARA ESPACIOS RESERVADOS","","SE DEBERAN CONTRATAR CON UNA IMPRENTA DIRECTAMENTE PARA OBVIAR AGENCY FEE.","NO","SI","20","UNIDAD","NO","1","1","20","SI","NO","4","24","3.12","27.12","","","","NO","NO","","NO"
"MAIN EVENT","SEÑALETICA","SEÑALETICA","TARJETA DE 3X2 IN PARA MENÚ Y ALERGIAS","","SE DEBERAN CONTRATAR CON UNA IMPRENTA DIRECTAMENTE PARA OBVIAR AGENCY FEE.","NO","SI","50","UNIDAD","NO","1","0.15","7.5","SI","NO","1.5","9","1.17","10.17","A3","","TINTA Y SOPORTE DIGITAL","NO","NO","https://drive.google.com/file/d/1mw_3fyW1rHC0RUgnUPPnvzgi98OOeFOY/view","NO"
"MAIN EVENT","SEÑALETICA","SEÑALETICA","TARJETA DE 3X2 IN PARA CAFETERAS","","SE DEBERAN CONTRATAR CON UNA IMPRENTA DIRECTAMENTE PARA OBVIAR AGENCY FEE.","NO","SI","2","UNIDAD","NO","1","0.15","0.3","SI","NO","0.06","0.36","0.0468","0.4068","A3","","TINTA Y SOPORTE DIGITAL","NO","NO","https://drive.google.com/file/d/1mw_3fyW1rHC0RUgnUPPnvzgi98OOeFOY/view","NO"
"MAIN EVENT","SEÑALETICA","SEÑALETICA","ROTULOS DE FOLCOTE PARA METER EN ACRILICOS. MEDIA CARTA","","SE DEBERAN CONTRATAR CON UNA IMPRENTA DIRECTAMENTE PARA OBVIAR AGENCY FEE.","NO","SI","7","UNIDAD","NO","1","0.85","5.95","SI","NO","1.1900000000000002","7.140000000000001","0.9282000000000001","8.068200000000001","A3","","TINTA Y SOPORTE DIGITAL","NO","NO","https://drive.google.com/file/d/1mw_3fyW1rHC0RUgnUPPnvzgi98OOeFOY/view","NO"
"MAIN EVENT","LICENCIAS","MITTR/OPINNO","LICENCIA MITTR - ON-TIME FEE","","","NO","NO","1","UNIDAD","NO","1","80000","80000","NO","NO","0","80000","0","80000","N/A","","","NO","NO","","SI"
"MAIN EVENT","LICENCIAS","STREAMING","SWOOGO (2 LICENSES, 1 EACH TYPE) - ANNUAL","","","NO","NO","1","UNIDAD","NO","1","11800","11800","NO","NO","0","11800","0","11800","SWOOGO LICENSE","","SWOOGO","NO","NO","https://drive.google.com/file/d/1oGNufpB9AGAOJDewaZys_SLNn-vXwBQn/view?usp=sharing","SI"
"MAIN EVENT","LICENCIAS","STREAMING","VIMEO LICENSE BUDGET - MENSUAL","","","NO","NO","1","UNIDAD","NO","4","75","75","NO","NO","0","75","0","75","VIMEO SUBSCRIPTION","","VIMEO","NO","NO","https://vimeo.com/upgrade-plan?paywall_trigger=marketing_pricing_link&paywall_location=top_navigation&paywall_feature=general","SI"
"MAIN EVENT","PLAN DE SEGURIDAD, PREVENCIÓN Y RESPUESTA A EMERGENCIAS","AMBULANCIA","CRUZ ROJA","","CONSIDERAR ALIMENTACION VIA CAFETERIA DE LA ESEN","NO","SI","1","SERVICIO","NO","2","100","100","SI","NO","20","120","15.600000000000001","135.6","","","","SI","SI","","NO"
"MAIN EVENT","TICKETING","TICKETING","FUN CAPITAL TICKETING SERVICES 10% OVER TICKET PRICE","","10% DE LAS VENTAS, TRANSFERIBLE AL ASISTENTE","NO","NO","1","SERVICIO","NO","1","0","0","NO","NO","0","0","0","0","PROPUESTA DE VALOR FUN CAPITAL CAMILA.pdf","","FUN CAPITAL","NO","NO","https://drive.google.com/file/d/1qEZF5SMpdzAlxZ6Ounf4x2wmZWhtWROd/view?usp=sharing","NO"
"MAIN EVENT VIP DINNER","HOSPITALITY","ALIMENTACION","CENA/MARIDAJE EN MONARCA CON SOMMERLIER MARGARITA MACHON","CENA VIP","","NO","NO","30","PERSONA","NO","1","100","3000","NO","NO","0","3000","390","3390","Menu Maridaje Camila Cruz.docx","","MONARCA","NO","NO","https://docs.google.com/document/d/10qXivqSEV8cvEK5l5ptoY1Sja2o7KZW5/edit?usp=sharing&ouid=110506789414376848531&rtpof=true&sd=true","NO"
"MAIN EVENT","FOTOGRAFIA Y VIDEO","FOTOGRAFIA Y VIDEO","BUDGET FOTOGRAFO Y VIDEOGRAFO MAIN EVENT ($8K)","SE CONTEMPLA UNICAMENTE A NIVEL BUDGET. PERFILES RECOMENDADOS A CONTACTAR - IN PROGRESS.","","NO","NO","1","SERVICIO","NO","1","8000","8000","NO","NO","0","8000","1040","9040","","","","SI","NO","","NO"
"MAIN EVENT","PR","PR BUDGET","BUDGET PARA AGENCIA DE PR ($5K)","SE CONTEMPLA UNICAMENTE A NIVEL BUDGET. STAKEHOLDERS RECOMENDADOS A CONTACTAR - IN PROGRESS.","","NO","NO","1","SERVICIO","NO","1","5000","5000","NO","NO","0","5000","650","5650","","","","SI","NO","","NO"
"MAIN EVENT","MARKETING & COMMUNICATIONS","MARKETING & COMMUNICATIONS BUDGET","BUDGET PARA PAUTA ($3K)","SE CONTEMPLA UNICAMENTE A NIVEL BUDGET. STAKEHOLDERS RECOMENDADOS A CONTACTAR - IN PROGRESS.","","NO","NO","1","SERVICIO","NO","1","3000","3000","NO","NO","0","3000","390","3390","","","","SI","NO","","NO"
"BEFORE/AFTER MAIN EVENT","HOSPITALITY","ALIMENTACION","BUDGET DE VIATICOS ALIMENTARIOS PARA SPEAKERS INTERNACIONALES Y COMITE ORGANIZADOR [TIEMPOS DE COMIDA FUERA DE AGENDA EVENTO ($6K)","SE CONTEMPLA UNICAMENTE A NIVEL BUDGET. PROOVEDORES RECOMENDADOS A CONTACTAR - IN PROGRESS.","","NO","NO","30","PERSONA","NO","1","200","6000","NO","NO","0","6000","780","6780","","","TBD","SI","NO","","NO"
"BEFORE/AFTER MAIN EVENT","MOBILITY","AERIAL TRANSPORTATION","VUELOS PARA PONENTES INTERNANCIONALES Y EQUIPO ORGANIZADORES","BLOQUE DE VUELOS NEGOCIADOS CON AVIANCA — IVA E IMPUESTOS YA INCLUIDOS","Costo ya incluye IVA e impuestos aereos. No aplica IVA adicional.","SI","NO","1","PAQUETE","NO","1","56980.03","56980.03","NO","NO","0","56980.03","7407.4039","64387.433899999996","AVIANCA COTIZACION.pdf","","AVIANCA","NO","NO","https://drive.google.com/file/d/1wGBILePinDAf0Vp15p_6888IdgxfOxKI/view?usp=sharing","NO"
"BEFORE/AFTER MAIN EVENT","HOSPITALITY","AIRPORT RECEPTION ASSITANCE","SERVICIO SALA VIP @ SAL","""Recpcion de viajeros por personal especializado quienes:
1) Le reciben en la puerta de salida, luego es trasladado a nuestra sala VIP
2) Realizan sus trámites migratorios mientras permanece comodamente en sala VIP (No incluye el pago de Tarjeta Migratoria de Ingreso para extranjeros, US$ 12.00 según aplique.)
3) Recoge el equipaje del pasajero y realiza tramites de Aduana (No está incluido el uso de carretilla para movilizar el equipaje, valor US$ 3.00 por carretilla)
4) Una vez sellado el pasaporte y con el equipaje, se entrega al pasajero
Sale por la puerta de entrada principal (egreso VIP) del aeropuerto con acceso prioritario a parqueo de acceso a nuestro proveedor de transporte. ""","","SI","NO","30","SERVICIOS","NO","1","35","1050","NO","NO","0","1050","136.5","1186.5","SERVICIO VIP CEPA","","CEPA","NO","NO","https://www.cepa.gob.sv/servicios/servicio-vip-pasajeros-del-aies/","NO"
"BEFORE/AFTER MAIN EVENT","MOBILITY","TERRESTRIAL TRANSPORTATION","ARRIVALS / TRASLADO DE LLEGADAS","TRASLADOS AEROPUERTO > HYATT.","","NO","NO","1","SERVICIO","NO","1","325","325","NO","NO","0","325","42.25","367.25","31-03-2026 CAMILA CRUZ (Por confirmar) MICROBUS HIACE 2 MODIF.pdf","","LINEA EJECUTIVA","NO","NO","https://drive.google.com/file/d/1f1aUDcRld-mcPW62HfdTf4DaxocB7VK3/view?usp=sharing","NO"
"BEFORE/AFTER MAIN EVENT","HOSPITALITY","ACCOMODATIONS","BLOQUE DE 30 HABITACIONES PARA LA ATENCION Y HOSPEDAJE DE PONENTES INTERNACIONALES Y STAFF ORGANIZADOR","","","SI","NO","1","PAQUETE","NO","1","18270","18270","NO","NO","0","18270","2375.1","20645.1","Cotización Final HC SS","","HYATT CENTRIC SAN SALVADOR","SI","NO","https://drive.google.com/file/d/1qsEnIyFrGV65PT9rjBFQmNThFxJyGNuH/view?usp=sharing","NO"
"BEFORE/AFTER MAIN EVENT","HOSPITALITY","AMENITIES","WELCOME KITS (SPEAKERS + ORGANIZERS) 30","","","NO","NO","30","PAQUETE","NO","1","35","1050","NO","NO","0","1050","136.5","1186.5","BUDGETED + QUOTES PER ITEMS","","THE RACK + CARO PA'S COFFEE","NO","NO","","NO"
"BEFORE/AFTER MAIN EVENT","HOSPITALITY","AMENITIES","IN ROOM WELCOME KIT DELIVERY SERVICE","","","NO","NO","1","SERVICIO","NO","1","2","2","NO","NO","0","2","0.26","2.26","Cotización Final HC SS","","HYATT CENTRIC SAN SALVADOR","NO","NO","https://drive.google.com/file/d/1qsEnIyFrGV65PT9rjBFQmNThFxJyGNuH/view?usp=sharing","NO"
"BEFORE/AFTER MAIN EVENT","MOBILITY","TERRESTRIAL TRANSPORTATION","IN-CITY TRIPS / TRASLADO EN SS","TODOS LOS TRASLADOS DE HOTEL, ESEN, MONARCA DURANTE SU ESTADIA EN SS.","","NO","NO","1","SERVICIO","NO","1","1305","1305","NO","NO","0","1305","169.65","1474.65","31-03-2026 CAMILA CRUZ (Por confirmar) MICROBUS HIACE 2 MODIF.pdf","","LINEA EJECUTIVA","NO","NO","Xhttps://drive.google.com/file/d/1f1aUDcRld-mcPW62HfdTf4DaxocB7VK3/view?usp=sharing","NO"
"MAIN EVENT","MOBILITY","TERRESTRIAL TRANSPORTATION","UBER BUDGET (EVENT CODE DISCOUNT SUBSIDY)","PARA ASEGURAR UNA BUENA EXPERIENCIA, EN VISTA DEL PARQUEO LIMITADO  RELATIVO AL AFORO, SE CONTEMPLARA BRINDAR CODIGOS DE DESCUENTO EN RIDES, UN MONTO A UTILIZAR PARA MINIMIZAR VOLUMEN DE CARROS. SE CONTEMPLA UN DROP-OFF ZONE EN ZONA ""VALET"" ESEN.","","NO","NO","250","PAQUETE","NO","1","10","2500","NO","NO","0","2500","325","2825","BUDGETED","","","NO","NO","","NO"
"BEFORE/AFTER MAIN EVENT","MOBILITY","TERRESTRIAL TRANSPORTATION","DEPARTURES / TRASLADO DE PARTIDAS","TRASLADOS HYATT > AEROPUERTO.","","NO","NO","1","SERVICIO","NO","1","325","325","NO","NO","0","325","42.25","367.25","31-03-2026 CAMILA CRUZ (Por confirmar) MICROBUS HIACE 2 MODIF.pdf","","LINEA EJECUTIVA","NO","NO","https://drive.google.com/file/d/1f1aUDcRld-mcPW62HfdTf4DaxocB7VK3/view?usp=sharing","NO"
"BEFORE/AFTER MAIN EVENT","ORGANIZERS","STAFF","EQUIPO C2 LABS (BILLABLE TIME)","","","NO","NO","","","","","0","0","NO","","0","0","0","0","TBD","","","NO","NO","","NO"
"BEFORE/AFTER MAIN EVENT","ORGANIZERS","STAFF","EQUIPO OPINNO (BILLABLE TIME)","","","NO","NO","","","","","0","0","NO","","0","0","0","0","TBD","","","NO","NO","","NO"